<application>
  <component name="SetterTemplates">
    <option name="defaultTempalteName" value="setter with comments" />
    <option name="templates">
      <list>
        <TemplateResource>
          <option name="fileName" value="setter with comments" />
          <option name="template" value="/**&#10;* set the value of the $field.name&#10;* @param $field.name the value of $field.name&#10;*/&#10;#set($paramName = $helper.getParamName($field, $project))&#10;public ##&#10;#if($field.modifierStatic)&#10;static ##&#10;#end&#10;void set$StringUtil.capitalizeWithJavaBeanConvention($StringUtil.sanitizeJavaIdentifier($helper.getPropertyName($field, $project)))($field.type $paramName) {&#10;#if ($field.name == $paramName)&#10;    #if (!$field.modifierStatic)&#10;    this.##&#10;    #else&#10;        $classname.##&#10;    #end&#10;#end&#10;$field.name = $paramName;&#10;}" />
        </TemplateResource>
      </list>
    </option>
  </component>
</application>