<application>
  <component name="LinkIDEPluginSettings">
    <option name="linke58Env">
      <LinkeEnv>
        <option name="linkcUser">
          <LinkcUser>
            <option name="avatarUrl" value="https://work.antfinancial-corp.com/photo/187492.80x80.jpg" />
            <option name="createdAt" value="1538108440000" />
            <option name="department" value="蚂蚁金服-保险事业群-技术部-电商场景险及架构组-保险核心技术组" />
            <option name="email" value="liangchuan.lc@antfin.com" />
            <option name="encPrivateToken" value="7225d356063aaddc2afa9e87e1a5e5b9b072042ad889e8d69174db0168425b5a" />
            <option name="externUid" value="187492" />
            <option name="id" value="32604" />
            <option name="name" value="吴客" />
            <option name="username" value="liangchuan.lc" />
            <option name="webUrl" value="/u/liangchuan.lc/" />
          </LinkcUser>
        </option>
        <option name="linkeEnv" value="网商" />
      </LinkeEnv>
    </option>
    <option name="linkeAlipayEnv">
      <LinkeEnv>
        <option name="active" value="true" />
        <option name="linkcUser">
          <LinkcUser>
            <option name="avatarUrl" value="https://work.antfinancial-corp.com/photo/187492.80x80.jpg" />
            <option name="createdAt" value="1538108440000" />
            <option name="department" value="蚂蚁金服-保险事业群-技术部-电商场景险及架构组-保险核心技术组" />
            <option name="email" value="liangchuan.lc@antfin.com" />
            <option name="encPrivateToken" value="7225d356063aaddc2afa9e87e1a5e5b9b072042ad889e8d69174db0168425b5a" />
            <option name="externUid" value="187492" />
            <option name="id" value="32604" />
            <option name="name" value="吴客" />
            <option name="username" value="liangchuan.lc" />
            <option name="webUrl" value="/u/liangchuan.lc/" />
          </LinkcUser>
        </option>
        <option name="linkeUser">
          <User>
            <option name="account" value="liangchuan.lc" />
            <option name="department" value="蚂蚁金服-保险事业群-技术部-电商场景险及架构组-保险核心技术组" />
            <option name="email" value="liangchuan.lc@antfin.com" />
            <option name="empId" value="187492" />
            <option name="id" value="5bade79aa5a0a05ecc191a95" />
            <option name="name" value="梁川" />
            <option name="nick" value="吴客" />
          </User>
        </option>
      </LinkeEnv>
    </option>
  </component>
</application>