<application>
  <component name="ProjectManager">
    <defaultProject>
      <component name="Encoding" addBOMForNewFiles="with NO BOM" />
      <component name="FileColors">
        <fileColor scope="Non-Project Files (Material Default)" color="2E3C43" />
        <fileColor scope="Non-Project Files (Material Darker)" color="323232" />
        <fileColor scope="Non-Project Files (Material Lighter)" color="eae8e8" />
        <fileColor scope="Non-Project Files (Material Palenight)" color="2f2e43" />
      </component>
      <component name="GradleLocalSettings">
        <option name="projectSyncType">
          <map>
            <entry key="$USER_HOME$/Desktop/Programming/git/carrera-sdk" value="PREVIEW" />
            <entry key="$USER_HOME$/Desktop/Programming/git/carrera-test" value="PREVIEW" />
            <entry key="$USER_HOME$/Desktop/Programming/git/checking" value="PREVIEW" />
            <entry key="$USER_HOME$/Desktop/Programming/git/manhattan-insurance-common" value="PREVIEW" />
            <entry key="$USER_HOME$/Desktop/Programming/git/manhattan-oppenheimer-accident-center" value="PREVIEW" />
            <entry key="$USER_HOME$/Desktop/Programming/git/manhattan-oppenheimer-hawkeye" value="PREVIEW" />
            <entry key="$USER_HOME$/Desktop/Programming/git/manhattan-oppenheimer-order-center" value="PREVIEW" />
            <entry key="$USER_HOME$/Desktop/Programming/git/manhattan-oppenheimer-order-center-collector" value="PREVIEW" />
            <entry key="$USER_HOME$/Desktop/Programming/git/manhattan-oppenheimer-plan" value="PREVIEW" />
            <entry key="$USER_HOME$/Desktop/Programming/git/manhattan-oppenheimer-plan-center" value="PREVIEW" />
            <entry key="$USER_HOME$/Desktop/Programming/git/manhattan-oppenheimer-quicksilver" value="PREVIEW" />
            <entry key="$USER_HOME$/Desktop/Programming/git/manhattan-springboot-demo" value="PREVIEW" />
            <entry key="$USER_HOME$/Desktop/Programming/git/p3c" value="PREVIEW" />
          </map>
        </option>
      </component>
      <component name="JsFlowSettings">
        <service-enabled>false</service-enabled>
        <exe-path />
        <annotation-enable>false</annotation-enable>
        <other-services-enabled>false</other-services-enabled>
      </component>
      <component name="ProjectInspectionProfilesVisibleTreeState">
        <entry key="Project Default">
          <profile-state>
            <expanded-state>
              <State>
                <id />
              </State>
              <State>
                <id>Android &gt; Lint &gt; Correctness</id>
              </State>
              <State>
                <id>Android &gt; Lint &gt; Usability</id>
              </State>
              <State>
                <id>Android Lint for Kotlin</id>
              </State>
              <State>
                <id>Code style issuesJava</id>
              </State>
              <State>
                <id>Declaration redundancyJava</id>
              </State>
              <State>
                <id>General</id>
              </State>
              <State>
                <id>Internationalization issuesJava</id>
              </State>
              <State>
                <id>JBoss Seam issues</id>
              </State>
              <State>
                <id>Java</id>
              </State>
              <State>
                <id>JavaScript</id>
              </State>
              <State>
                <id>Potentially confusing code constructsJavaScript</id>
              </State>
              <State>
                <id>Probable bugsJava</id>
              </State>
              <State>
                <id>Properties Files</id>
              </State>
            </expanded-state>
          </profile-state>
        </entry>
      </component>
      <component name="PropertiesComponent">
        <property name="nodejs_interpreter_path.stuck_in_default_project" value="/usr/local/bin/node" />
        <property name="nodejs_npm_path_reset_for_default_project" value="true" />
        <property name="project.structure.last.edited" value="Project" />
        <property name="project.structure.proportion" value="0.0" />
        <property name="project.structure.side.proportion" value="0.2" />
        <property name="settings.editor.selected.configurable" value="Settings.JavaScript.Linters.JSLint" />
      </component>
      <component name="RunManager">
        <configuration default="true" type="Applet" factoryName="Applet">
          <option name="POLICY_FILE" value="$APPLICATION_HOME_DIR$/bin/appletviewer.policy" />
        </configuration>
        <configuration default="true" type="Application" factoryName="Application">
          <option name="WORKING_DIRECTORY" value="$PROJECT_DIR$" />
        </configuration>
        <configuration default="true" type="JUnit" factoryName="JUnit">
          <option name="ALTERNATIVE_JRE_PATH_ENABLED" value="false" />
          <option name="ALTERNATIVE_JRE_PATH" />
          <option name="PACKAGE_NAME" />
          <option name="MAIN_CLASS_NAME" />
          <option name="METHOD_NAME" />
          <option name="TEST_OBJECT" value="class" />
          <option name="VM_PARAMETERS" value="-ea" />
          <option name="PARAMETERS" />
          <option name="WORKING_DIRECTORY" value="$MODULE_DIR$" />
          <option name="PASS_PARENT_ENVS" value="true" />
          <option name="TEST_SEARCH_SCOPE">
            <value defaultName="singleModule" />
          </option>
          <patterns />
        </configuration>
        <configuration default="true" type="TestNG" factoryName="TestNG">
          <option name="ALTERNATIVE_JRE_PATH_ENABLED" value="false" />
          <option name="ALTERNATIVE_JRE_PATH" />
          <option name="SUITE_NAME" />
          <option name="PACKAGE_NAME" />
          <option name="MAIN_CLASS_NAME" />
          <option name="METHOD_NAME" />
          <option name="GROUP_NAME" />
          <option name="TEST_OBJECT" value="CLASS" />
          <option name="VM_PARAMETERS" value="-ea" />
          <option name="PARAMETERS" />
          <option name="WORKING_DIRECTORY" value="$MODULE_DIR$" />
          <option name="OUTPUT_DIRECTORY" />
          <option name="PASS_PARENT_ENVS" value="true" />
          <option name="TEST_SEARCH_SCOPE">
            <value defaultName="singleModule" />
          </option>
          <option name="USE_DEFAULT_REPORTERS" value="false" />
          <option name="PROPERTIES_FILE" />
          <properties />
          <listeners />
        </configuration>
      </component>
      <component name="SbtLocalSettings">
        <option name="externalProjectsViewState">
          <projects_view />
        </option>
        <option name="projectSyncType">
          <map>
            <entry key="$USER_HOME$/Desktop/Programming/git/SparkStudy/first-app" value="PREVIEW" />
            <entry key="$USER_HOME$/Desktop/Programming/git/SparkStudy/second-app" value="PREVIEW" />
          </map>
        </option>
      </component>
      <component name="SvnConfiguration">
        <configuration>$USER_HOME$/.subversion</configuration>
      </component>
      <component name="VcsContentAnnotationSettings">
        <option name="myLimit" value="2678400000" />
      </component>
      <component name="masterDetails">
        <states>
          <state key="GlobalLibrariesConfigurable.UI">
            <settings>
              <splitter-proportions>
                <option name="proportions">
                  <list>
                    <option value="0.2" />
                  </list>
                </option>
              </splitter-proportions>
            </settings>
          </state>
          <state key="JdkListConfigurable.UI">
            <settings>
              <splitter-proportions>
                <option name="proportions">
                  <list>
                    <option value="0.2" />
                  </list>
                </option>
              </splitter-proportions>
            </settings>
          </state>
          <state key="ProjectJDKs.UI">
            <settings>
              <last-edited>1.8</last-edited>
              <splitter-proportions>
                <option name="proportions">
                  <list>
                    <option value="0.2" />
                  </list>
                </option>
              </splitter-proportions>
            </settings>
          </state>
          <state key="ProjectLibrariesConfigurable.UI">
            <settings>
              <splitter-proportions>
                <option name="proportions">
                  <list>
                    <option value="0.2" />
                  </list>
                </option>
              </splitter-proportions>
            </settings>
          </state>
        </states>
      </component>
    </defaultProject>
  </component>
</application>