<application>
  <component name="SetterTemplates">
    <option name="templates">
      <list>
        <TemplateResource>
          <option name="fileName" value="AntIDE_alipay_setter" />
          <option name="template" value="/**&#10;* Setter method for property &lt;tt&gt;$field.name&lt;/tt&gt;.&#10;*&#10;* @param $field.name  value to be assigned to property $field.name&#10;*/&#10;#set($paramName = $helper.getParamName($field, $project))&#10;#if($field.modifierStatic)&#10;static ##&#10;#end&#10;void set$StringUtil.capitalizeWithJavaBeanConvention($StringUtil.sanitizeJavaIdentifier($helper.getPropertyName($field, $project)))($field.type $paramName) {&#10;#if ($field.name == $paramName)&#10;    #if (!$field.modifierStatic)&#10;    this.##&#10;    #else&#10;        $classname.##&#10;    #end&#10;#end&#10;$field.name = $paramName;&#10;}" />
        </TemplateResource>
      </list>
    </option>
  </component>
</application>