<application>
  <component name="TalaApplicationSetting">
    <option name="currentCompany" value="Antfin" />
    <option name="apiHost" value="http://codeqa.alipay.net:5000/" />
    <option name="user">
      <User>
        <option name="account" value="liangchuan.lc" />
        <option name="empId" value="187492" />
        <option name="id" value="1254863" />
        <option name="name" value="梁川" />
        <option name="nick" value="吴客" />
      </User>
    </option>
  </component>
</application>