<application>
  <component name="GitRememberedInputs">
    <option name="visitedUrls">
      <list>
        <UrlAndUserName>
          <option name="url" value="git@git.xiaojukeji.com:manhattan/manhattan-oppenheimer-order-center-sql.git" />
          <option name="userName" value="" />
        </UrlAndUserName>
        <UrlAndUserName>
          <option name="url" value="git@git.xiaojukeji.com:manhattan/manhattan-fatman-order-center.git" />
          <option name="userName" value="" />
        </UrlAndUserName>
        <UrlAndUserName>
          <option name="url" value="git@git.xiaojukeji.com:manhattan/manhattan-oppenheimer-order-center.git" />
          <option name="userName" value="" />
        </UrlAndUserName>
        <UrlAndUserName>
          <option name="url" value="git@git.xiaojukeji.com:manhattan/manhattan-oppenheimer-policy-center.git" />
          <option name="userName" value="" />
        </UrlAndUserName>
        <UrlAndUserName>
          <option name="url" value="git@git.xiaojukeji.com:manhattan/manhattan-oppenheimer-order-center-timer.git" />
          <option name="userName" value="" />
        </UrlAndUserName>
        <UrlAndUserName>
          <option name="url" value="git@git.xiaojukeji.com:manhattan/manhattan-oppenheimer-redenvelope.git" />
          <option name="userName" value="" />
        </UrlAndUserName>
        <UrlAndUserName>
          <option name="url" value="git@git.xiaojukeji.com:manhattan/manhattan-fatman-vehicle-center.git" />
          <option name="userName" value="" />
        </UrlAndUserName>
        <UrlAndUserName>
          <option name="url" value="git@git.xiaojukeji.com:manhattan/manhattan-fatman-policy-center.git" />
          <option name="userName" value="" />
        </UrlAndUserName>
        <UrlAndUserName>
          <option name="url" value="git@git.xiaojukeji.com:manhattan/manhattan-fatman-reddot.git" />
          <option name="userName" value="" />
        </UrlAndUserName>
        <UrlAndUserName>
          <option name="url" value="git@git.xiaojukeji.com:manhattan/fatman-message-entity.git" />
          <option name="userName" value="" />
        </UrlAndUserName>
        <UrlAndUserName>
          <option name="url" value="git@git.xiaojukeji.com:manhattan/manhattan-oppenheimer-product-center.git" />
          <option name="userName" value="" />
        </UrlAndUserName>
        <UrlAndUserName>
          <option name="url" value="git@git.xiaojukeji.com:manhattan/manhattan-oppenheimer-insurance-interface-test.git" />
          <option name="userName" value="" />
        </UrlAndUserName>
        <UrlAndUserName>
          <option name="url" value="git@git.xiaojukeji.com:manhattan/manhattan-oppenheimer-claim-center.git" />
          <option name="userName" value="" />
        </UrlAndUserName>
        <UrlAndUserName>
          <option name="url" value="git@git.xiaojukeji.com:manhattan/manhattan-oppenheimer-lbs.git" />
          <option name="userName" value="" />
        </UrlAndUserName>
        <UrlAndUserName>
          <option name="url" value="git@git.xiaojukeji.com:manhattan/manhattan-oppenheimer-api.git" />
          <option name="userName" value="" />
        </UrlAndUserName>
        <UrlAndUserName>
          <option name="url" value="git@git.xiaojukeji.com:manhattan/manhattan-oppenheimer-timer.git" />
          <option name="userName" value="" />
        </UrlAndUserName>
        <UrlAndUserName>
          <option name="url" value="git@git.xiaojukeji.com:manhattan/manhattan-oppenheimer-sql.git" />
          <option name="userName" value="" />
        </UrlAndUserName>
        <UrlAndUserName>
          <option name="url" value="https://github.com/magicliang/SolomonlReopository.git" />
          <option name="userName" value="" />
        </UrlAndUserName>
      </list>
    </option>
    <option name="cloneParentDir" value="$USER_HOME$/IdeaProjects" />
  </component>
  <component name="Vcs.Log.App.Settings">
    <option name="MIGRATED" value="true" />
  </component>
</application>